image,price,rating,stock,title,url
http://books.toscrape.com/media/cache/2c/da/2cdad67c44b002e7ead0cc35693c0e8b.jpg,£51.77,Three,In stock,A Light in the Attic,http://books.toscrape.com/catalogue/a-light-in-the-attic_1000/index.html
http://books.toscrape.com/media/cache/26/0c/260c6ae16bce31c8f8c95daddd9f4a1c.jpg,£53.74,One,In stock,Tipping the Velvet,http://books.toscrape.com/catalogue/tipping-the-velvet_999/index.html
http://books.toscrape.com/media/cache/3e/ef/3eef99c9d9adef34639f510662022830.jpg,£50.10,One,In stock,Soumission,http://books.toscrape.com/catalogue/soumission_998/index.html
http://books.toscrape.com/media/cache/32/51/3251cf3a3412f53f339e42cac2134093.jpg,£47.82,Four,In stock,Sharp Objects,http://books.toscrape.com/catalogue/sharp-objects_997/index.html
http://books.toscrape.com/media/cache/be/a5/bea5697f2534a2f86a3ef27b5a8c12a6.jpg,£54.23,Five,In stock,Sapiens: A Brief History of Humankind,http://books.toscrape.com/catalogue/sapiens-a-brief-history-of-humankind_996/index.html
http://books.toscrape.com/media/cache/68/33/68339b4c9bc034267e1da611ab3b34f8.jpg,£22.65,One,In stock,The Requiem Red,http://books.toscrape.com/catalogue/the-requiem-red_995/index.html
http://books.toscrape.com/media/cache/92/27/92274a95b7c251fea59a2b8a78275ab4.jpg,£33.34,Four,In stock,The Dirty Little Secrets of Getting Your Dream Job,http://books.toscrape.com/catalogue/the-dirty-little-secrets-of-getting-your-dream-job_994/index.html
http://books.toscrape.com/media/cache/3d/54/3d54940e57e662c4dd1f3ff00c78cc64.jpg,£17.93,Three,In stock,"The Coming Woman: A Novel Based on the Life of the Infamous Feminist, Victoria Woodhull",http://books.toscrape.com/catalogue/the-coming-woman-a-novel-based-on-the-life-of-the-infamous-feminist-victoria-woodhull_993/index.html
http://books.toscrape.com/media/cache/66/88/66883b91f6804b2323c8369331cb7dd1.jpg,£22.60,Four,In stock,The Boys in the Boat: Nine Americans and Their Epic Quest for Gold at the 1936 Berlin Olympics,http://books.toscrape.com/catalogue/the-boys-in-the-boat-nine-americans-and-their-epic-quest-for-gold-at-the-1936-berlin-olympics_992/index.html
http://books.toscrape.com/media/cache/58/46/5846057e28022268153beff6d352b06c.jpg,£52.15,One,In stock,The Black Maria,http://books.toscrape.com/catalogue/the-black-maria_991/index.html
http://books.toscrape.com/media/cache/be/f4/bef44da28c98f905a3ebec0b87be8530.jpg,£13.99,Two,In stock,"Starving Hearts (Triangular Trade Trilogy, #1)",http://books.toscrape.com/catalogue/starving-hearts-triangular-trade-trilogy-1_990/index.html
http://books.toscrape.com/media/cache/10/48/1048f63d3b5061cd2f424d20b3f9b666.jpg,£20.66,Four,In stock,Shakespeare's Sonnets,http://books.toscrape.com/catalogue/shakespeares-sonnets_989/index.html
http://books.toscrape.com/media/cache/5b/88/5b88c52633f53cacf162c15f4f823153.jpg,£17.46,Five,In stock,Set Me Free,http://books.toscrape.com/catalogue/set-me-free_988/index.html
http://books.toscrape.com/media/cache/94/b1/94b1b8b244bce9677c2f29ccc890d4d2.jpg,£52.29,Five,In stock,Scott Pilgrim's Precious Little Life (Scott Pilgrim #1),http://books.toscrape.com/catalogue/scott-pilgrims-precious-little-life-scott-pilgrim-1_987/index.html
http://books.toscrape.com/media/cache/81/c4/81c4a973364e17d01f217e1188253d5e.jpg,£35.02,Five,In stock,Rip it Up and Start Again,http://books.toscrape.com/catalogue/rip-it-up-and-start-again_986/index.html
http://books.toscrape.com/media/cache/54/60/54607fe8945897cdcced0044103b10b6.jpg,£57.25,Three,In stock,"Our Band Could Be Your Life: Scenes from the American Indie Underground, 1981-1991",http://books.toscrape.com/catalogue/our-band-could-be-your-life-scenes-from-the-american-indie-underground-1981-1991_985/index.html
http://books.toscrape.com/media/cache/55/33/553310a7162dfbc2c6d19a84da0df9e1.jpg,£23.88,One,In stock,Olio,http://books.toscrape.com/catalogue/olio_984/index.html
http://books.toscrape.com/media/cache/09/a3/09a3aef48557576e1a85ba7efea8ecb7.jpg,£37.59,One,In stock,Mesaerion: The Best Science Fiction Stories 1800-1849,http://books.toscrape.com/catalogue/mesaerion-the-best-science-fiction-stories-1800-1849_983/index.html
http://books.toscrape.com/media/cache/0b/bc/0bbcd0a6f4bcd81ccb1049a52736406e.jpg,£51.33,Two,In stock,Libertarianism for Beginners,http://books.toscrape.com/catalogue/libertarianism-for-beginners_982/index.html
http://books.toscrape.com/media/cache/27/a5/27a53d0bb95bdd88288eaf66c9230d7e.jpg,£45.17,Two,In stock,It's Only the Himalayas,http://books.toscrape.com/catalogue/its-only-the-himalayas_981/index.html
http://books.toscrape.com/media/cache/5d/72/5d72709c6a7a9584a4d1cf07648bfce1.jpg,£12.84,One,In stock,In Her Wake,http://books.toscrape.com/in-her-wake_980/index.html
http://books.toscrape.com/media/cache/5c/c8/5cc8e107246cb478960d4f0aba1e1c8e.jpg,£37.32,Two,In stock,How Music Works,http://books.toscrape.com/how-music-works_979/index.html
http://books.toscrape.com/media/cache/9f/59/9f59f01fa916a7bb8f0b28a4012179a4.jpg,£30.52,Three,In stock,"Foolproof Preserving: A Guide to Small Batch Jams, Jellies, Pickles, Condiments, and More: A Foolproof Guide to Making Small Batch Jams, Jellies, Pickles, Condiments, and More",http://books.toscrape.com/foolproof-preserving-a-guide-to-small-batch-jams-jellies-pickles-condiments-and-more-a-foolproof-guide-to-making-small-batch-jams-jellies-pickles-condiments-and-more_978/index.html
http://books.toscrape.com/media/cache/9c/2e/9c2e0eb8866b8e3f3b768994fd3d1c1a.jpg,£25.27,Five,In stock,Chase Me (Paris Nights #2),http://books.toscrape.com/chase-me-paris-nights-2_977/index.html
http://books.toscrape.com/media/cache/44/cc/44ccc99c8f82c33d4f9d2afa4ef25787.jpg,£34.53,Five,In stock,Black Dust,http://books.toscrape.com/black-dust_976/index.html
http://books.toscrape.com/media/cache/af/6e/af6e796160fe63e0cf19d44395c7ddf2.jpg,£54.64,Three,In stock,Birdsong: A Story in Pictures,http://books.toscrape.com/birdsong-a-story-in-pictures_975/index.html
http://books.toscrape.com/media/cache/ef/0b/ef0bed08de4e083dba5e20fdb98d9c36.jpg,£22.50,Three,In stock,America's Cradle of Quarterbacks: Western Pennsylvania's Football Factory from Johnny Unitas to Joe Montana,http://books.toscrape.com/americas-cradle-of-quarterbacks-western-pennsylvanias-football-factory-from-johnny-unitas-to-joe-montana_974/index.html
http://books.toscrape.com/media/cache/d6/da/d6da0371958068bbaf39ea9c174275cd.jpg,£53.13,Three,In stock,Aladdin and His Wonderful Lamp,http://books.toscrape.com/aladdin-and-his-wonderful-lamp_973/index.html
http://books.toscrape.com/media/cache/2e/98/2e98c332bf8563b584784971541c4445.jpg,£40.30,Five,In stock,Worlds Elsewhere: Journeys Around Shakespeare’s Globe,http://books.toscrape.com/worlds-elsewhere-journeys-around-shakespeares-globe_972/index.html
http://books.toscrape.com/media/cache/a5/41/a5416b9646aaa7287baa287ec2590270.jpg,£44.18,Four,In stock,Wall and Piece,http://books.toscrape.com/wall-and-piece_971/index.html
http://books.toscrape.com/media/cache/0f/7e/0f7ee69495c0df1d35723f012624a9f8.jpg,£17.66,Five,In stock,The Four Agreements: A Practical Guide to Personal Freedom,http://books.toscrape.com/the-four-agreements-a-practical-guide-to-personal-freedom_970/index.html
http://books.toscrape.com/media/cache/38/c5/38c56fba316c07305643a8065269594e.jpg,£31.05,Three,In stock,The Five Love Languages: How to Express Heartfelt Commitment to Your Mate,http://books.toscrape.com/the-five-love-languages-how-to-express-heartfelt-commitment-to-your-mate_969/index.html
http://books.toscrape.com/media/cache/5d/7e/5d7ecde8e81513eba8a64c9fe000744b.jpg,£23.82,Five,In stock,The Elephant Tree,http://books.toscrape.com/the-elephant-tree_968/index.html
http://books.toscrape.com/media/cache/cf/bb/cfbb5e62715c6d888fd07794c9bab5d6.jpg,£36.89,One,In stock,The Bear and the Piano,http://books.toscrape.com/the-bear-and-the-piano_967/index.html
http://books.toscrape.com/media/cache/65/71/6571919836ec51ed54f0050c31d8a0cd.jpg,£15.94,Five,In stock,Sophie's World,http://books.toscrape.com/sophies-world_966/index.html
http://books.toscrape.com/media/cache/12/53/1253c21c5ef3c6d075c5fa3f5fecee6a.jpg,£33.29,Three,In stock,Penny Maybe,http://books.toscrape.com/penny-maybe_965/index.html
http://books.toscrape.com/media/cache/f5/88/f5889d038f5d8e949b494d147c2dcf54.jpg,£18.02,Two,In stock,Maude (1883-1993):She Grew Up with the country,http://books.toscrape.com/maude-1883-1993she-grew-up-with-the-country_964/index.html
http://books.toscrape.com/media/cache/23/85/238570a1c284e730dbc737a7e631ae2b.jpg,£19.63,One,In stock,"In a Dark, Dark Wood",http://books.toscrape.com/in-a-dark-dark-wood_963/index.html
http://books.toscrape.com/media/cache/e1/5c/e15c289ba58cea38519e1281e859f0c1.jpg,£52.22,Four,In stock,Behind Closed Doors,http://books.toscrape.com/behind-closed-doors_962/index.html
http://books.toscrape.com/media/cache/e9/20/e9203b733126c4a0832a1c7885dc27cf.jpg,£33.63,Two,In stock,You can't bury them all: Poems,http://books.toscrape.com/you-cant-bury-them-all-poems_961/index.html
http://books.toscrape.com/media/cache/72/41/72417db983862010ef0c1a25de98c7d7.jpg,£57.31,Three,In stock,Slow States of Collapse: Poems,http://books.toscrape.com/slow-states-of-collapse-poems_960/index.html
http://books.toscrape.com/media/cache/cb/bd/cbbdb0222ee8a0f6ab61657412a15794.jpg,£26.41,Two,In stock,Reasons to Stay Alive,http://books.toscrape.com/reasons-to-stay-alive_959/index.html
http://books.toscrape.com/media/cache/9d/05/9d0533bae1578846d728a82913b95c26.jpg,£47.61,Five,In stock,Private Paris (Private #10),http://books.toscrape.com/private-paris-private-10_958/index.html
http://books.toscrape.com/media/cache/9c/46/9c463c7631c82401160fd3b554b8f0e1.jpg,£23.11,Five,In stock,#HigherSelfie: Wake Up Your Life. Free Your Soul. Find Your Tribe.,http://books.toscrape.com/higherselfie-wake-up-your-life-free-your-soul-find-your-tribe_957/index.html
http://books.toscrape.com/media/cache/24/e2/24e2f5c9d325c4004d8190c054da86dd.jpg,£45.07,Two,In stock,Without Borders (Wanderlove #1),http://books.toscrape.com/without-borders-wanderlove-1_956/index.html
http://books.toscrape.com/media/cache/08/04/08044269fc197645268a6197c57e6173.jpg,£31.77,One,In stock,When We Collided,http://books.toscrape.com/when-we-collided_955/index.html
http://books.toscrape.com/media/cache/5f/15/5f152afdbc42356ecba02f61058a7e5b.jpg,£50.27,Five,In stock,"We Love You, Charlie Freeman",http://books.toscrape.com/we-love-you-charlie-freeman_954/index.html
http://books.toscrape.com/media/cache/f9/3b/f93b4a650f03a5d21f2436d7813f42c2.jpg,£14.27,Four,In stock,Untitled Collection: Sabbath Poems 2014,http://books.toscrape.com/untitled-collection-sabbath-poems-2014_953/index.html
http://books.toscrape.com/media/cache/41/a2/41a20f35adf0caea24f208dc01ad7681.jpg,£44.18,Four,In stock,"Unseen City: The Majesty of Pigeons, the Discreet Charm of Snails & Other Wonders of the Urban Wilderness",http://books.toscrape.com/unseen-city-the-majesty-of-pigeons-the-discreet-charm-of-snails-other-wonders-of-the-urban-wilderness_952/index.html
http://books.toscrape.com/media/cache/76/8e/768ea5924ac1ef6297c2be9959c796c2.jpg,£18.78,Three,In stock,Unicorn Tracks,http://books.toscrape.com/unicorn-tracks_951/index.html
http://books.toscrape.com/media/cache/4a/3b/4a3b055f9e378a95fedbef55e7bab7ce.jpg,£25.52,One,In stock,"Unbound: How Eight Technologies Made Us Human, Transformed Society, and Brought Our World to the Brink",http://books.toscrape.com/unbound-how-eight-technologies-made-us-human-transformed-society-and-brought-our-world-to-the-brink_950/index.html
http://books.toscrape.com/media/cache/36/df/36df4caaf1420b1183a8235355d39e69.jpg,£16.28,One,In stock,Tsubasa: WoRLD CHRoNiCLE 2 (Tsubasa WoRLD CHRoNiCLE #2),http://books.toscrape.com/tsubasa-world-chronicle-2-tsubasa-world-chronicle-2_949/index.html
http://books.toscrape.com/media/cache/03/86/038650c9e7517b4baf2a423cd8eed38f.jpg,£31.12,Three,In stock,Throwing Rocks at the Google Bus: How Growth Became the Enemy of Prosperity,http://books.toscrape.com/throwing-rocks-at-the-google-bus-how-growth-became-the-enemy-of-prosperity_948/index.html
http://books.toscrape.com/media/cache/c4/dd/c4ddd9ced89966b0602ec85e00cd5b61.jpg,£19.49,Four,In stock,This One Summer,http://books.toscrape.com/this-one-summer_947/index.html
http://books.toscrape.com/media/cache/c4/0a/c40a64f59e7487b1a80a049f6ceb2ba5.jpg,£17.27,Five,In stock,Thirst,http://books.toscrape.com/thirst_946/index.html
http://books.toscrape.com/media/cache/33/e5/33e507172541628acfd421503196b578.jpg,£19.09,One,In stock,The Torch Is Passed: A Harding Family Story,http://books.toscrape.com/the-torch-is-passed-a-harding-family-story_945/index.html
http://books.toscrape.com/media/cache/c4/a2/c4a2a1a026c67bcceb5a411c724d7d0c.jpg,£56.13,One,In stock,The Secret of Dreadwillow Carse,http://books.toscrape.com/the-secret-of-dreadwillow-carse_944/index.html
http://books.toscrape.com/media/cache/b7/f4/b7f4843dbe062d44be1ffcfa16b2faa4.jpg,£56.41,One,In stock,"The Pioneer Woman Cooks: Dinnertime: Comfort Classics, Freezer Food, 16-Minute Meals, and Other Delicious Ways to Solve Supper!",http://books.toscrape.com/the-pioneer-woman-cooks-dinnertime-comfort-classics-freezer-food-16-minute-meals-and-other-delicious-ways-to-solve-supper_943/index.html
http://books.toscrape.com/media/cache/89/b8/89b850edb01851a91f64ba114b96acb6.jpg,£56.50,Four,In stock,The Past Never Ends,http://books.toscrape.com/the-past-never-ends_942/index.html
http://books.toscrape.com/media/cache/5d/7f/5d7f496cdf5e5962a73ecdcc1505c1d5.jpg,£45.22,Three,In stock,The Natural History of Us (The Fine Art of Pretending #2),http://books.toscrape.com/the-natural-history-of-us-the-fine-art-of-pretending-2_941/index.html
http://books.toscrape.com/media/cache/f4/79/f479de5f305c2ac0512702cf7155bb74.jpg,£38.16,Four,In stock,The Nameless City (The Nameless City #1),http://books.toscrape.com/the-nameless-city-the-nameless-city-1_940/index.html
http://books.toscrape.com/media/cache/dc/44/dc44f8e2aebac48ca8553814d9b021a8.jpg,£54.11,Three,In stock,The Murder That Never Was (Forensic Instincts #5),http://books.toscrape.com/the-murder-that-never-was-forensic-instincts-5_939/index.html
http://books.toscrape.com/media/cache/d4/8d/d48d5122a15347e9fe2b15ad354d69bf.jpg,£42.96,Four,In stock,The Most Perfect Thing: Inside (and Outside) a Bird's Egg,http://books.toscrape.com/the-most-perfect-thing-inside-and-outside-a-birds-egg_938/index.html
http://books.toscrape.com/media/cache/f8/6d/f86d08178e3788563ac17be5aefd29f0.jpg,£23.89,Four,In stock,"The Mindfulness and Acceptance Workbook for Anxiety: A Guide to Breaking Free from Anxiety, Phobias, and Worry Using Acceptance and Commitment Therapy",http://books.toscrape.com/the-mindfulness-and-acceptance-workbook-for-anxiety-a-guide-to-breaking-free-from-anxiety-phobias-and-worry-using-acceptance-and-commitment-therapy_937/index.html
http://books.toscrape.com/media/cache/95/64/95647d6a526bf54120b9445e124794e1.jpg,£16.77,Three,In stock,The Life-Changing Magic of Tidying Up: The Japanese Art of Decluttering and Organizing,http://books.toscrape.com/the-life-changing-magic-of-tidying-up-the-japanese-art-of-decluttering-and-organizing_936/index.html
http://books.toscrape.com/media/cache/75/dc/75dce2f5949b407161f37f0af249b018.jpg,£20.59,Five,In stock,"The Inefficiency Assassin: Time Management Tactics for Working Smarter, Not Longer",http://books.toscrape.com/the-inefficiency-assassin-time-management-tactics-for-working-smarter-not-longer_935/index.html
http://books.toscrape.com/media/cache/64/15/641570cd7e7aded53c7d33d78a9629f1.jpg,£37.13,One,In stock,The Gutsy Girl: Escapades for Your Life of Epic Adventure,http://books.toscrape.com/the-gutsy-girl-escapades-for-your-life-of-epic-adventure_934/index.html
http://books.toscrape.com/media/cache/2e/23/2e236e23ad52aa74505f224f6552eda8.jpg,£56.06,One,In stock,The Electric Pencil: Drawings from Inside State Hospital No. 3,http://books.toscrape.com/the-electric-pencil-drawings-from-inside-state-hospital-no-3_933/index.html
http://books.toscrape.com/media/cache/71/df/71df730cf38c232ee58a2e407135f055.jpg,£58.11,Four,In stock,The Death of Humanity: and the Case for Life,http://books.toscrape.com/the-death-of-humanity-and-the-case-for-life_932/index.html
http://books.toscrape.com/media/cache/ee/3e/ee3e219d23e73ba71c79b700f183aaed.jpg,£49.05,Three,In stock,"The Bulletproof Diet: Lose up to a Pound a Day, Reclaim Energy and Focus, Upgrade Your Life",http://books.toscrape.com/the-bulletproof-diet-lose-up-to-a-pound-a-day-reclaim-energy-and-focus-upgrade-your-life_931/index.html
http://books.toscrape.com/media/cache/70/fa/70fa6c0437d9c97dbeada6bd32bf9d2c.jpg,£40.76,Three,In stock,The Art Forger,http://books.toscrape.com/the-art-forger_930/index.html
http://books.toscrape.com/media/cache/2d/4e/2d4e358712e6c9f1d3bdd78d1a16e5a8.jpg,£19.73,One,In stock,The Age of Genius: The Seventeenth Century and the Birth of the Modern Mind,http://books.toscrape.com/the-age-of-genius-the-seventeenth-century-and-the-birth-of-the-modern-mind_929/index.html
http://books.toscrape.com/media/cache/96/db/96db61bb53930c560fb4c1c62b583816.jpg,£32.24,Five,In stock,The Activist's Tao Te Ching: Ancient Advice for a Modern Revolution,http://books.toscrape.com/the-activists-tao-te-ching-ancient-advice-for-a-modern-revolution_928/index.html
http://books.toscrape.com/media/cache/f3/4f/f34ffb24cc21c9f9f52dad4fd8f3ac21.jpg,£41.83,Four,In stock,Spark Joy: An Illustrated Master Class on the Art of Organizing and Tidying Up,http://books.toscrape.com/spark-joy-an-illustrated-master-class-on-the-art-of-organizing-and-tidying-up_927/index.html
http://books.toscrape.com/media/cache/69/85/69852567cf97264a1442cbc882c84903.jpg,£39.58,Two,In stock,Soul Reader,http://books.toscrape.com/soul-reader_926/index.html
http://books.toscrape.com/media/cache/da/df/dadfac66a89774b46b10225362724c83.jpg,£39.25,Two,In stock,Security,http://books.toscrape.com/security_925/index.html
http://books.toscrape.com/media/cache/43/ae/43aee83ebb31e2122a7215e413770e5c.jpg,£25.02,Three,In stock,"Saga, Volume 6 (Saga (Collected Editions) #6)",http://books.toscrape.com/saga-volume-6-saga-collected-editions-6_924/index.html
http://books.toscrape.com/media/cache/e1/ea/e1ea6cb36e62ae6dc7b805f68ab9a700.jpg,£51.04,Two,In stock,"Saga, Volume 5 (Saga (Collected Editions) #5)",http://books.toscrape.com/saga-volume-5-saga-collected-editions-5_923/index.html
http://books.toscrape.com/media/cache/97/f8/97f8debeeaaece9603267653076e760f.jpg,£19.83,Two,In stock,Reskilling America: Learning to Labor in the Twenty-First Century,http://books.toscrape.com/reskilling-america-learning-to-labor-in-the-twenty-first-century_922/index.html
http://books.toscrape.com/media/cache/f3/ef/f3efd43ae0fa85d9b325d5e8783e7af5.jpg,£50.40,Three,In stock,"Rat Queens, Vol. 3: Demons (Rat Queens (Collected Editions) #11-15)",http://books.toscrape.com/rat-queens-vol-3-demons-rat-queens-collected-editions-11-15_921/index.html
http://books.toscrape.com/media/cache/78/0b/780b2c28122750c2c383846155815bf7.jpg,£13.61,Five,In stock,"Princess Jellyfish 2-in-1 Omnibus, Vol. 01 (Princess Jellyfish 2-in-1 Omnibus #1)",http://books.toscrape.com/princess-jellyfish-2-in-1-omnibus-vol-01-princess-jellyfish-2-in-1-omnibus-1_920/index.html
http://books.toscrape.com/media/cache/b7/e8/b7e84b78be3d9bb79b71156a5e5d4e42.jpg,£13.34,Five,In stock,Princess Between Worlds (Wide-Awake Princess #5),http://books.toscrape.com/princess-between-worlds-wide-awake-princess-5_919/index.html
http://books.toscrape.com/media/cache/c8/2f/c82f629a31b3f47bdb17ac14aa51076d.jpg,£18.97,One,In stock,"Pop Gun War, Volume 1: Gift",http://books.toscrape.com/pop-gun-war-volume-1-gift_918/index.html
http://books.toscrape.com/media/cache/64/44/6444dacdcb9edaadbbd691524622aeb8.jpg,£36.28,Two,In stock,"Political Suicide: Missteps, Peccadilloes, Bad Calls, Backroom Hijinx, Sordid Pasts, Rotten Breaks, and Just Plain Dumb Mistakes in the Annals of American Politics",http://books.toscrape.com/political-suicide-missteps-peccadilloes-bad-calls-backroom-hijinx-sordid-pasts-rotten-breaks-and-just-plain-dumb-mistakes-in-the-annals-of-american-politics_917/index.html
http://books.toscrape.com/media/cache/01/72/01726c619a05114dca75bd840095016d.jpg,£10.16,Three,In stock,Patience,http://books.toscrape.com/patience_916/index.html
http://books.toscrape.com/media/cache/cb/00/cb004189f548d75ad430d3ed19e6daa9.jpg,£15.44,Four,In stock,"Outcast, Vol. 1: A Darkness Surrounds Him (Outcast #1)",http://books.toscrape.com/outcast-vol-1-a-darkness-surrounds-him-outcast-1_915/index.html
http://books.toscrape.com/media/cache/03/88/03886a8502ca54dbce0d91c2568ab69d.jpg,£48.41,One,In stock,orange: The Complete Collection 1 (orange: The Complete Collection #1),http://books.toscrape.com/orange-the-complete-collection-1-orange-the-complete-collection-1_914/index.html
http://books.toscrape.com/media/cache/ea/9b/ea9b2cb8abbb317402e618445bade1e1.jpg,£46.35,One,In stock,Online Marketing for Busy Authors: A Step-By-Step Guide,http://books.toscrape.com/online-marketing-for-busy-authors-a-step-by-step-guide_913/index.html
http://books.toscrape.com/media/cache/a1/14/a114d70e7babf110ba42a389078e9a45.jpg,£14.07,Three,In stock,On a Midnight Clear,http://books.toscrape.com/on-a-midnight-clear_912/index.html
http://books.toscrape.com/media/cache/fc/72/fc72f158554b4b4164701e1dfa1153c7.jpg,£14.86,Two,In stock,Obsidian (Lux #1),http://books.toscrape.com/obsidian-lux-1_911/index.html
http://books.toscrape.com/media/cache/f5/65/f565af3d9dd20a1ad72a1e7c4157387d.jpg,£33.37,Two,In stock,My Paris Kitchen: Recipes and Stories,http://books.toscrape.com/my-paris-kitchen-recipes-and-stories_910/index.html
http://books.toscrape.com/media/cache/ff/e8/ffe81bf98f8386ef29e193abfb6f9c1e.jpg,£56.40,Two,In stock,Masks and Shadows,http://books.toscrape.com/masks-and-shadows_909/index.html
http://books.toscrape.com/media/cache/10/c6/10c61093002db1fec4089d8076678624.jpg,£14.02,Four,In stock,"Mama Tried: Traditional Italian Cooking for the Screwed, Crude, Vegan, and Tattooed",http://books.toscrape.com/mama-tried-traditional-italian-cooking-for-the-screwed-crude-vegan-and-tattooed_908/index.html
http://books.toscrape.com/media/cache/d3/15/d3158e8d3546fb90cced3c1d44a92a34.jpg,£46.91,Two,In stock,"Lumberjanes, Vol. 2: Friendship to the Max (Lumberjanes #5-8)",http://books.toscrape.com/lumberjanes-vol-2-friendship-to-the-max-lumberjanes-5-8_907/index.html
http://books.toscrape.com/media/cache/7e/a0/7ea062007ef00107e3c16d336b41fab2.jpg,£45.61,Three,In stock,"Lumberjanes, Vol. 1: Beware the Kitten Holy (Lumberjanes #1-4)",http://books.toscrape.com/lumberjanes-vol-1-beware-the-kitten-holy-lumberjanes-1-4_906/index.html
http://books.toscrape.com/media/cache/5f/b1/5fb1bf88dcfda795606745ce35be5975.jpg,£19.92,Two,In stock,Lumberjanes Vol. 3: A Terrible Plan (Lumberjanes #9-12),http://books.toscrape.com/lumberjanes-vol-3-a-terrible-plan-lumberjanes-9-12_905/index.html
http://books.toscrape.com/media/cache/98/d1/98d1c979c4bac9e147a6718946578b0f.jpg,£40.11,One,In stock,"Layered: Baking, Building, and Styling Spectacular Cakes",http://books.toscrape.com/layered-baking-building-and-styling-spectacular-cakes_904/index.html
http://books.toscrape.com/media/cache/5f/52/5f52b1bc6d45daab2e330c744feb0359.jpg,£53.90,Two,In stock,Judo: Seven Steps to Black Belt (an Introductory Guide for Beginners),http://books.toscrape.com/judo-seven-steps-to-black-belt-an-introductory-guide-for-beginners_903/index.html
http://books.toscrape.com/media/cache/93/63/9363f0065fbad5689f44fcf6e203eef3.jpg,£35.67,Five,In stock,Join,http://books.toscrape.com/join_902/index.html
http://books.toscrape.com/media/cache/fe/ea/feeafd2ad7b3077f8e74cbb1da9e3c7d.jpg,£22.00,Four,In stock,In the Country We Love: My Family Divided,http://books.toscrape.com/in-the-country-we-love-my-family-divided_901/index.html
http://books.toscrape.com/media/cache/26/1c/261c4eaf957ae4aacf2229b482e76dbe.jpg,£57.36,Five,In stock,Immunity: How Elie Metchnikoff Changed the Course of Modern Medicine,http://books.toscrape.com/immunity-how-elie-metchnikoff-changed-the-course-of-modern-medicine_900/index.html
http://books.toscrape.com/media/cache/aa/74/aa74004807e97a79aa084b5db329a99b.jpg,£29.17,Two,In stock,"I Hate Fairyland, Vol. 1: Madly Ever After (I Hate Fairyland (Compilations) #1-5)",http://books.toscrape.com/i-hate-fairyland-vol-1-madly-ever-after-i-hate-fairyland-compilations-1-5_899/index.html
http://books.toscrape.com/media/cache/16/d4/16d443437126bf6d536a89312c1995a5.jpg,£54.63,Three,In stock,I am a Hero Omnibus Volume 1,http://books.toscrape.com/i-am-a-hero-omnibus-volume-1_898/index.html
http://books.toscrape.com/media/cache/da/8b/da8bc9b824dd3f446ef63e438ddbfc85.jpg,£46.03,One,In stock,How to Be Miserable: 40 Strategies You Already Use,http://books.toscrape.com/how-to-be-miserable-40-strategies-you-already-use_897/index.html
http://books.toscrape.com/media/cache/1e/bb/1ebbbc3e2d3249b111033cfc40763b0b.jpg,£33.97,One,In stock,Her Backup Boyfriend (The Sorensen Family #1),http://books.toscrape.com/her-backup-boyfriend-the-sorensen-family-1_896/index.html
http://books.toscrape.com/media/cache/90/6f/906f0168b0e155a7077625499b1737b5.jpg,£22.11,Two,In stock,"Giant Days, Vol. 2 (Giant Days #5-8)",http://books.toscrape.com/giant-days-vol-2-giant-days-5-8_895/index.html
http://books.toscrape.com/media/cache/d6/58/d658a1485b130ff26ca5fb0d5975ed2e.jpg,£29.69,Three,In stock,Forever and Forever: The Courtship of Henry Longfellow and Fanny Appleton,http://books.toscrape.com/forever-and-forever-the-courtship-of-henry-longfellow-and-fanny-appleton_894/index.html
http://books.toscrape.com/media/cache/c4/d1/c4d1517cc9370e292366b6132ca9ca36.jpg,£15.97,Four,In stock,First and First (Five Boroughs #3),http://books.toscrape.com/first-and-first-five-boroughs-3_893/index.html
http://books.toscrape.com/media/cache/cc/bd/ccbdae9e29b3594301528fa2c876ec29.jpg,£21.96,One,In stock,Fifty Shades Darker (Fifty Shades #2),http://books.toscrape.com/fifty-shades-darker-fifty-shades-2_892/index.html
http://books.toscrape.com/media/cache/64/94/6494bf61176ca73b61255909230030be.jpg,£54.35,Two,In stock,Everydata: The Misinformation Hidden in the Little Data You Consume Every Day,http://books.toscrape.com/everydata-the-misinformation-hidden-in-the-little-data-you-consume-every-day_891/index.html
http://books.toscrape.com/media/cache/95/30/953013d044aa313cc162dec414f3969a.jpg,£37.97,Two,In stock,"Don't Be a Jerk: And Other Practical Advice from Dogen, Japan's Greatest Zen Master",http://books.toscrape.com/dont-be-a-jerk-and-other-practical-advice-from-dogen-japans-greatest-zen-master_890/index.html
http://books.toscrape.com/media/cache/78/97/7897eea91c4a85aca58d925861d4afec.jpg,£51.99,Four,In stock,Danganronpa Volume 1,http://books.toscrape.com/danganronpa-volume-1_889/index.html
http://books.toscrape.com/media/cache/66/25/6625e3bbb050de3e42a0c302c0d69f1f.jpg,£43.29,Three,In stock,Crown of Midnight (Throne of Glass #2),http://books.toscrape.com/crown-of-midnight-throne-of-glass-2_888/index.html
http://books.toscrape.com/media/cache/f6/88/f688a9d6a89fdf38e4e88439ee9eda69.jpg,£36.72,Four,In stock,"Codename Baboushka, Volume 1: The Conclave of Death",http://books.toscrape.com/codename-baboushka-volume-1-the-conclave-of-death_887/index.html
http://books.toscrape.com/media/cache/dd/c9/ddc95df6754df8e71bf969c088056188.jpg,£17.08,Four,In stock,Camp Midnight,http://books.toscrape.com/camp-midnight_886/index.html
http://books.toscrape.com/media/cache/88/9e/889e0bac4c7c0e7178f0165b8d3b4617.jpg,£29.14,Five,In stock,Call the Nurse: True Stories of a Country Nurse on a Scottish Isle,http://books.toscrape.com/call-the-nurse-true-stories-of-a-country-nurse-on-a-scottish-isle_885/index.html
http://books.toscrape.com/media/cache/26/95/269507c7bb35d2cec9b61a03d1c28e67.jpg,£28.81,Three,In stock,Burning,http://books.toscrape.com/burning_884/index.html
http://books.toscrape.com/media/cache/27/d2/27d20361745ec2f7be668b18a4da29da.jpg,£49.46,Two,In stock,Bossypants,http://books.toscrape.com/bossypants_883/index.html
http://books.toscrape.com/media/cache/e4/1d/e41d34204a1fffbf825d8beb3dbf4cbc.jpg,£37.92,Two,In stock,"Bitch Planet, Vol. 1: Extraordinary Machine (Bitch Planet (Collected Editions))",http://books.toscrape.com/bitch-planet-vol-1-extraordinary-machine-bitch-planet-collected-editions_882/index.html
http://books.toscrape.com/media/cache/06/18/061811c5845d0e13bc04b2a755f0830f.jpg,£28.09,Two,In stock,"Avatar: The Last Airbender: Smoke and Shadow, Part 3 (Smoke and Shadow #3)",http://books.toscrape.com/avatar-the-last-airbender-smoke-and-shadow-part-3-smoke-and-shadow-3_881/index.html
http://books.toscrape.com/media/cache/23/b4/23b42e094c02d52b14b11a960d49610e.jpg,£30.81,One,In stock,Algorithms to Live By: The Computer Science of Human Decisions,http://books.toscrape.com/algorithms-to-live-by-the-computer-science-of-human-decisions_880/index.html
http://books.toscrape.com/media/cache/78/2e/782e315667ec50759b8603527ee33dec.jpg,£42.95,One,In stock,A World of Flavor: Your Gluten Free Passport,http://books.toscrape.com/a-world-of-flavor-your-gluten-free-passport_879/index.html
http://books.toscrape.com/media/cache/08/89/088995e862aac86c88c608d763f6390e.jpg,£56.76,Five,In stock,"A Piece of Sky, a Grain of Rice: A Memoir in Four Meditations",http://books.toscrape.com/a-piece-of-sky-a-grain-of-rice-a-memoir-in-four-meditations_878/index.html
http://books.toscrape.com/media/cache/11/aa/11aaad48b5f15e262456ca65294084da.jpg,£16.64,One,In stock,A Murder in Time,http://books.toscrape.com/a-murder-in-time_877/index.html
http://books.toscrape.com/media/cache/82/96/8296f92b70fb1dafefecda92c1d51941.jpg,£55.53,Five,In stock,A Flight of Arrows (The Pathfinders #2),http://books.toscrape.com/a-flight-of-arrows-the-pathfinders-2_876/index.html
http://books.toscrape.com/media/cache/12/f1/12f1963957f27fa83d51f76b183ef490.jpg,£28.13,Four,In stock,A Fierce and Subtle Poison,http://books.toscrape.com/a-fierce-and-subtle-poison_875/index.html
http://books.toscrape.com/media/cache/c0/88/c08816960890396213a423941af65b8f.jpg,£52.37,One,In stock,A Court of Thorns and Roses (A Court of Thorns and Roses #1),http://books.toscrape.com/a-court-of-thorns-and-roses-a-court-of-thorns-and-roses-1_874/index.html
http://books.toscrape.com/media/cache/cd/db/cddb3eb483ef11a088d519205b7098fb.jpg,£54.00,Five,In stock,(Un)Qualified: How God Uses Broken People to Do Big Things,http://books.toscrape.com/unqualified-how-god-uses-broken-people-to-do-big-things_873/index.html
http://books.toscrape.com/media/cache/6b/70/6b70f2cdb17d9ab7551240a88b9211fe.jpg,£21.87,Four,In stock,You Are What You Love: The Spiritual Power of Habit,http://books.toscrape.com/you-are-what-you-love-the-spiritual-power-of-habit_872/index.html
http://books.toscrape.com/media/cache/02/37/0237b445efc18c5562355a5a2c40889c.jpg,£43.30,Four,In stock,"William Shakespeare's Star Wars: Verily, A New Hope (William Shakespeare's Star Wars #4)",http://books.toscrape.com/william-shakespeares-star-wars-verily-a-new-hope-william-shakespeares-star-wars-4_871/index.html
http://books.toscrape.com/media/cache/6b/da/6bdae061cb92c32b0b83cda8dd10275d.jpg,£21.04,Two,In stock,Tuesday Nights in 1980,http://books.toscrape.com/tuesday-nights-in-1980_870/index.html
http://books.toscrape.com/media/cache/06/a6/06a6cfcf89afd1601cbba1a16cda57fb.jpg,£41.60,Three,In stock,Tracing Numbers on a Train,http://books.toscrape.com/tracing-numbers-on-a-train_869/index.html
http://books.toscrape.com/media/cache/32/d6/32d6aa560e8ddf2a4da1526b95d4c7ab.jpg,£35.07,Three,In stock,Throne of Glass (Throne of Glass #1),http://books.toscrape.com/throne-of-glass-throne-of-glass-1_868/index.html
http://books.toscrape.com/media/cache/97/47/974709d437b08e74649b5744471bf472.jpg,£59.64,One,In stock,Thomas Jefferson and the Tripoli Pirates: The Forgotten War That Changed American History,http://books.toscrape.com/thomas-jefferson-and-the-tripoli-pirates-the-forgotten-war-that-changed-american-history_867/index.html
http://books.toscrape.com/media/cache/8a/83/8a83b6ce350f01bab21f85e6ba539316.jpg,£52.72,One,In stock,Thirteen Reasons Why,http://books.toscrape.com/thirteen-reasons-why_866/index.html
http://books.toscrape.com/media/cache/26/32/2632a1e12f2c085fabbe022ae4cd6933.jpg,£58.08,Four,In stock,The White Cat and the Monk: A Retelling of the Poem “Pangur Bán”,http://books.toscrape.com/the-white-cat-and-the-monk-a-retelling-of-the-poem-pangur-ban_865/index.html
http://books.toscrape.com/media/cache/28/99/28992d89f4abf54fba183fc8d074adf3.jpg,£24.12,One,In stock,The Wedding Dress,http://books.toscrape.com/the-wedding-dress_864/index.html
http://books.toscrape.com/media/cache/37/25/372578cc073efae80cf284b56040a488.jpg,£42.15,Four,In stock,The Vacationers,http://books.toscrape.com/the-vacationers_863/index.html
http://books.toscrape.com/media/cache/d0/77/d077a30042df6b916bfc8d257345c69e.jpg,£12.61,Five,In stock,The Third Wave: An Entrepreneur’s Vision of the Future,http://books.toscrape.com/the-third-wave-an-entrepreneurs-vision-of-the-future_862/index.html
http://books.toscrape.com/media/cache/ea/04/ea0476a6f4c318ceccf5e2f2b39f2b15.jpg,£17.44,Four,In stock,The Stranger,http://books.toscrape.com/the-stranger_861/index.html
