loc,lastmod,changefreq,priority
https://www.schools.com/,2021-02-03,daily,1.0
https://www.schools.com/online-colleges/south-carolina,2021-02-03,daily,0.9
https://www.schools.com/online-colleges/west-virginia,2021-02-03,daily,0.9
https://www.schools.com/programs/information-systems-security,2021-02-03,daily,0.9
https://www.schools.com/programs/accounting,2021-02-03,daily,0.9
https://www.schools.com/online-colleges/michigan,2021-02-03,daily,0.9
https://www.schools.com/espanol/cursos-de-diseno-grafico.html,2021-02-03,daily,0.9
https://www.schools.com/online-colleges/south-dakota,2021-02-03,daily,0.9
https://www.schools.com/schools-database,2021-02-03,daily,0.9
https://www.schools.com/programs/child-development,2021-02-03,daily,0.9
https://www.schools.com/online-colleges/new-hampshire,2021-02-03,daily,0.9
https://www.schools.com/programs/web-multimedia-design,2021-02-03,daily,0.9
https://www.schools.com/programs/organizational-psychology,2021-02-03,daily,0.9
https://www.schools.com/programs/nursing,2021-02-03,daily,0.9
https://www.schools.com/programs/baking-pastry,2021-02-03,daily,0.9
https://www.schools.com/programs/criminal-justice,2021-02-03,daily,0.9
https://www.schools.com/research,2021-02-03,daily,0.9
https://www.schools.com/online-colleges/oklahoma,2021-02-03,daily,0.9
https://www.schools.com/online-colleges/nevada,2021-02-03,daily,0.9
https://www.schools.com/espanol/cursos-en-sonografa.html,2021-02-03,daily,0.9
https://www.schools.com/espanol/cursos-de-asistente-legal-y-paralegal.html,2021-02-03,daily,0.9
https://www.schools.com/programs/public-health,2021-02-03,daily,0.9
https://www.schools.com/programs/hospitality,2021-02-03,daily,0.9
https://www.schools.com/online-colleges/indiana,2021-02-03,daily,0.9
https://www.schools.com/online-colleges/colorado,2021-02-03,daily,0.9
https://www.schools.com/online-colleges/north-carolina,2021-02-03,daily,0.9
https://www.schools.com/programs/psychology,2021-02-03,daily,0.9
https://www.schools.com/programs/health-care,2021-02-03,daily,0.9
https://www.schools.com/online-colleges/new-york,2021-02-03,daily,0.9
https://www.schools.com/online-colleges/district-of-columbia,2021-02-03,daily,0.9
https://www.schools.com/programs/human-resources,2021-02-03,daily,0.9
https://www.schools.com/espanol/cursos-de-ayudante-medico.html,2021-02-03,daily,0.9
https://www.schools.com/programs/law-enforcement,2021-02-03,daily,0.9
https://www.schools.com/online-colleges/nebraska,2021-02-03,daily,0.9
https://www.schools.com/programs,2021-02-03,daily,0.9
https://www.schools.com/programs/social-work,2021-02-03,daily,0.9
https://www.schools.com/programs/educational-leadership,2021-02-03,daily,0.9
https://www.schools.com/programs/marketing,2021-02-03,daily,0.9
https://www.schools.com/online-colleges/georgia,2021-02-03,daily,0.9
https://www.schools.com/programs/electrician,2021-02-03,daily,0.9
https://www.schools.com/programs/video-game-development,2021-02-03,daily,0.9
https://www.schools.com/online-colleges/vermont,2021-02-03,daily,0.9
https://www.schools.com/programs/political-science,2021-02-03,daily,0.9
https://www.schools.com/programs/homeland-security,2021-02-03,daily,0.9
https://www.schools.com/programs/fashion-design,2021-02-03,daily,0.9
https://www.schools.com/programs/plumbing,2021-02-03,daily,0.9
https://www.schools.com/espanol/cursos-de-tecnico-en-reparacion.html,2021-02-03,daily,0.9
https://www.schools.com/terms-of-service/,2021-02-03,daily,0.9
https://www.schools.com/programs/interior-design,2021-02-03,daily,0.9
https://www.schools.com/programs/special-education,2021-02-03,daily,0.9
https://www.schools.com/online-colleges/virginia,2021-02-03,daily,0.9
https://www.schools.com/online-colleges/delaware,2021-02-03,daily,0.9
https://www.schools.com/programs/cosmetology,2021-02-03,daily,0.9
https://www.schools.com/programs/vocational,2021-02-03,daily,0.9
https://www.schools.com/online-colleges/illinois,2021-02-03,daily,0.9
https://www.schools.com/programs/diagnostic-medical-sonography,2021-02-03,daily,0.9
https://www.schools.com/online-colleges/kentucky,2021-02-03,daily,0.9
https://www.schools.com/espanol/cursos-de-plomeria.html,2021-02-03,daily,0.9
https://www.schools.com/online-colleges/minnesota,2021-02-03,daily,0.9
https://www.schools.com/financial-aid/how-to-pay-for-college,2021-02-03,daily,0.9
https://www.schools.com/programs/photography,2021-02-03,daily,0.9
https://www.schools.com/programs/leadership-management,2021-02-03,daily,0.9
https://www.schools.com/programs/financial-planning,2021-02-03,daily,0.9
https://www.schools.com/online-colleges/wyoming,2021-02-03,daily,0.9
https://www.schools.com/programs/computer-appliance-repair,2021-02-03,daily,0.9
https://www.schools.com/online-colleges/maine,2021-02-03,daily,0.9
https://www.schools.com/programs/business,2021-02-03,daily,0.9
https://www.schools.com/online-colleges/north-dakota,2021-02-03,daily,0.9
https://www.schools.com/programs/fire-science,2021-02-03,daily,0.9
https://www.schools.com/online-colleges/massachusetts,2021-02-03,daily,0.9
https://www.schools.com/online-colleges/arizona,2021-02-03,daily,0.9
https://www.schools.com/programs/veterinary-science,2021-02-03,daily,0.9
https://www.schools.com/programs/travel-tourism,2021-02-03,daily,0.9
https://www.schools.com/programs/counseling,2021-02-03,daily,0.9
https://www.schools.com/espanol/cursos-en-recursos-humanos.html,2021-02-03,daily,0.9
https://www.schools.com/espanol/cursos-en-marketing.html,2021-02-03,daily,0.9
https://www.schools.com/online-colleges/arkansas,2021-02-03,daily,0.9
https://www.schools.com/programs/dental-assistant,2021-02-03,daily,0.9
https://www.schools.com/programs/k-12-education,2021-02-03,daily,0.9
https://www.schools.com/research/best-christian-colleges,2021-02-03,daily,0.9
https://www.schools.com/espanol/cursos-de-enfermeria.html,2021-02-03,daily,0.9
https://www.schools.com/online-colleges/oregon,2021-02-03,daily,0.9
https://www.schools.com/online-colleges/missouri,2021-02-03,daily,0.9
https://www.schools.com/financial-aid,2021-02-03,daily,0.9
https://www.schools.com/online-colleges/alabama,2021-02-03,daily,0.9
https://www.schools.com/online-colleges/montana,2021-02-03,daily,0.9
https://www.schools.com/espanol/cursos-de-justicia-penal.html,2021-02-03,daily,0.9
https://www.schools.com/espanol/cursos-de-diseno-multimedia.html,2021-02-03,daily,0.9
https://www.schools.com/espanol/cursos-de-negocios.html,2021-02-03,daily,0.9
https://www.schools.com/online-colleges/florida,2021-02-03,daily,0.9
https://www.schools.com/espanol/cursos-de-fisioterapia.html,2021-02-03,daily,0.9
https://www.schools.com/online-colleges/canada,2021-02-03,daily,0.9
https://www.schools.com/programs/culinary-arts,2021-02-03,daily,0.9
https://www.schools.com/programs/mechanical-engineering,2021-02-03,daily,0.9
https://www.schools.com/programs/health-care-administration,2021-02-03,daily,0.9
https://www.schools.com/programs/engineering,2021-02-03,daily,0.9
https://www.schools.com/contact-us/,2021-02-03,daily,0.9
https://www.schools.com/online-colleges/louisiana,2021-02-03,daily,0.9
https://www.schools.com/espanol/cursos-de-comunicacion-social.html,2021-02-03,daily,0.9
https://www.schools.com/programs/paralegal,2021-02-03,daily,0.9
https://www.schools.com/online-colleges/tennessee,2021-02-03,daily,0.9
https://www.schools.com/online-colleges/iowa,2021-02-03,daily,0.9
https://www.schools.com/about,2021-02-03,daily,0.9
https://www.schools.com/espanol/cursos-de-electricista.html,2021-02-03,daily,0.9
https://www.schools.com/articles_rss,2021-02-03,daily,0.9
https://www.schools.com/espanol/cursos-de-construccion.html,2021-02-03,daily,0.9
https://www.schools.com/programs/art-design,2021-02-03,daily,0.9
https://www.schools.com/articles,2021-02-03,daily,0.9
https://www.schools.com/community-colleges,2021-02-03,daily,0.9
https://www.schools.com/programs/computer-programming,2021-02-03,daily,0.9
https://www.schools.com/espanol/cursos-de-fotografia.html,2021-02-03,daily,0.9
https://www.schools.com/online-colleges/idaho,2021-02-03,daily,0.9
https://www.schools.com/espanol/cursos-de-ingenieria-en-computacion-y-software.html,2021-02-03,daily,0.9
https://www.schools.com/online-colleges,2021-02-03,daily,0.9
https://www.schools.com/programs/early-childhood-education,2021-02-03,daily,0.9
https://www.schools.com/online-colleges/new-mexico,2021-02-03,daily,0.9
https://www.schools.com/programs/finance,2021-02-03,daily,0.9
https://www.schools.com/programs/sports-management,2021-02-03,daily,0.9
https://www.schools.com/espanol/cursos-de-cosmetologia.html,2021-02-03,daily,0.9
https://www.schools.com/degrees,2021-02-03,daily,0.9
https://www.schools.com/espanol/cursos-de-servicios-de-asistencia-social.html,2021-02-03,daily,0.9
https://www.schools.com/programs/medical-billing-and-coding,2021-02-03,daily,0.9
https://www.schools.com/programs/crime-scene-forensics,2021-02-03,daily,0.9
https://www.schools.com/espanol/cursos-de-paramedicos-y-emergencias-medicas.html,2021-02-03,daily,0.9
https://www.schools.com/programs/architecture-landscape-design,2021-02-03,daily,0.9
https://www.schools.com/espanol/curso-de-psicologia.html,2021-02-03,daily,0.9
https://www.schools.com/online-colleges/ohio,2021-02-03,daily,0.9
https://www.schools.com/programs/education,2021-02-03,daily,0.9
https://www.schools.com/online-colleges/mississippi,2021-02-03,daily,0.9
https://www.schools.com/online-colleges/hawaii,2021-02-03,daily,0.9
https://www.schools.com/online-colleges/connecticut,2021-02-03,daily,0.9
https://www.schools.com/espanol/cursos-de-desarrollo-web.html,2021-02-03,daily,0.9
https://www.schools.com/research/best-college-towns,2021-02-03,daily,0.9
https://www.schools.com/programs/radiology,2021-02-03,daily,0.9
https://www.schools.com/online-colleges/utah,2021-02-03,daily,0.9
https://www.schools.com/online-colleges/kansas,2021-02-03,daily,0.9
https://www.schools.com/espanol/cursos-de-mecanica-automotriz.html,2021-02-03,daily,0.9
https://www.schools.com/programs/esl,2021-02-03,daily,0.9
https://www.schools.com/sitemap/,2021-02-03,daily,0.9
https://www.schools.com/programs/construction,2021-02-03,daily,0.9
https://www.schools.com/programs/event-planning,2021-02-03,daily,0.9
https://www.schools.com/careers,2021-02-03,daily,0.9
https://www.schools.com/programs/web-development,2021-02-03,daily,0.9
https://www.schools.com/programs/hvac,2021-02-03,daily,0.9
https://www.schools.com/online-colleges/rhode-island,2021-02-03,daily,0.9
https://www.schools.com/programs/behavioral-science,2021-02-03,daily,0.9
https://www.schools.com/espanol/cursos-de-desarrollo-de-videojuegos.html,2021-02-03,daily,0.9
https://www.schools.com/online-colleges/texas,2021-02-03,daily,0.9
https://www.schools.com/programs/business-administration,2021-02-03,daily,0.9
https://www.schools.com/espanol/cursos-de-ciencias-veterinarias.html,2021-02-03,daily,0.9
https://www.schools.com/online-colleges/maryland,2021-02-03,daily,0.9
https://www.schools.com/programs/network-administration,2021-02-03,daily,0.9
https://www.schools.com/programs/animation,2021-02-03,daily,0.9
https://www.schools.com/programs/forensic-psychology,2021-02-03,daily,0.9
https://www.schools.com/espanol/cursos-de-educacion-para-adultos.html,2021-02-03,daily,0.9
https://www.schools.com/financial-aid/fafsa-guide,2021-02-03,daily,0.9
https://www.schools.com/online-colleges/california,2021-02-03,daily,0.9
https://www.schools.com/programs/information-technology,2021-02-03,daily,0.9
https://www.schools.com/programs/conflict-resolution-mediation,2021-02-03,daily,0.9
https://www.schools.com/programs/sociology,2021-02-03,daily,0.9
https://www.schools.com/programs/graphic-design,2021-02-03,daily,0.9
https://www.schools.com/espanol/cursos-de-educacion-temprana.html,2021-02-03,daily,0.9
https://www.schools.com/programs/international-business,2021-02-03,daily,0.9
https://www.schools.com/programs/software-engineering,2021-02-03,daily,0.9
https://www.schools.com/espanol/clases-de-idiomas.html,2021-02-03,daily,0.9
https://www.schools.com/online-colleges/washington,2021-02-03,daily,0.9
https://www.schools.com/programs/computer-science,2021-02-03,daily,0.9
https://www.schools.com/programs/massage-therapy,2021-02-03,daily,0.9
https://www.schools.com/espanol/cursos-para-cuidar-ninos.html,2021-02-03,daily,0.9
https://www.schools.com/programs/medical-assisting,2021-02-03,daily,0.9
https://www.schools.com/online-colleges/alaska,2021-02-03,daily,0.9
https://www.schools.com/online-colleges/wisconsin,2021-02-03,daily,0.9
https://www.schools.com/programs/auto-mechanic,2021-02-03,daily,0.9
https://www.schools.com/espanol/cursos-de-administracion-de-salud.html,2021-02-03,daily,0.9
https://www.schools.com/online-colleges/pennsylvania,2021-02-03,daily,0.9
https://www.schools.com/online-colleges/new-jersey,2021-02-03,daily,0.9
https://www.schools.com/espanol/curso-contabilidad-y-finanzas.html,2021-02-03,daily,0.9
https://www.schools.com/financial-aid/financial-aid-for-private-schools,2021-02-03,daily,0.8
https://www.schools.com/careers/mobile-app-developer,2021-02-03,daily,0.8
https://www.schools.com/articles/new-foundation-to-improve-safety-of-study-abroad-programs.html,2021-02-03,daily,0.8
https://www.schools.com/articles/25-best-small-college-towns,2021-02-03,daily,0.8
https://www.schools.com/community-colleges/top-community-colleges-in-south-dakota,2021-02-03,daily,0.8
https://www.schools.com/financial-aid/scholarship-guide,2021-02-03,daily,0.8
https://www.schools.com/community-colleges/top-community-colleges-in-tennessee,2021-02-03,daily,0.8
https://www.schools.com/careers/school-principal,2021-02-03,daily,0.8
https://www.schools.com/articles/how-to-tour-an-online-college,2021-02-03,daily,0.8
https://www.schools.com/articles/masters-in-management-the-mba-alternative.html,2021-02-03,daily,0.8
https://www.schools.com/careers/accountant,2021-02-03,daily,0.8
https://www.schools.com/articles/on-campus-jobs-that-build-your-resume.html,2021-02-03,daily,0.8
https://www.schools.com/programs/office-administration,2021-02-03,daily,0.8
https://www.schools.com/community-colleges/top-community-colleges-in-wyoming,2021-02-03,daily,0.8
https://www.schools.com/careers/health-care,2021-02-03,daily,0.8
https://www.schools.com/community-colleges/top-community-colleges-in-arkansas,2021-02-03,daily,0.8
https://www.schools.com/careers/financial-analyst,2021-02-03,daily,0.8
https://www.schools.com/careers/graphic-designer,2021-02-03,daily,0.8
https://www.schools.com/careers/certified-public-accountant,2021-02-03,daily,0.8
https://www.schools.com/programs/pharmacy-technician,2021-02-03,daily,0.8
https://www.schools.com/careers/chef,2021-02-03,daily,0.8
https://www.schools.com/financial-aid/companies-offering-educational-benefits.html,2021-02-03,daily,0.8
https://www.schools.com/articles/the-job-skills-you-need-in-2012.html,2021-02-03,daily,0.8
https://www.schools.com/programs/technical-support-repair,2021-02-03,daily,0.8
https://www.schools.com/articles/five-tips-writing-statement-purpose-grad-school.html,2021-02-03,daily,0.8
https://www.schools.com/articles/surprise-5-real-life-unexpected-college-to-career-journeys.html,2021-02-03,daily,0.8
https://www.schools.com/articles/what-to-expect-while-getting-your-mba,2021-02-03,daily,0.8
https://www.schools.com/financial-aid/tax-breaks-for-students,2021-02-03,daily,0.8
https://www.schools.com/articles/tuition-reimbursement-what-you-need-know.html,2021-02-03,daily,0.8
https://www.schools.com/articles/extraordinary-new-york-community-college-degrees,2021-02-03,daily,0.8
https://www.schools.com/programs/science,2021-02-03,daily,0.8
https://www.schools.com/financial-aid/financial-aid-for-veterans,2021-02-03,daily,0.8
https://www.schools.com/careers/hvac-technician,2021-02-03,daily,0.8
https://www.schools.com/careers/veterinary-technician,2021-02-03,daily,0.8
https://www.schools.com/community-colleges/top-community-colleges-in-louisiana,2021-02-03,daily,0.8
https://www.schools.com/careers/athletic-trainer,2021-02-03,daily,0.8
https://www.schools.com/espanol/escuelas-de-gastronomia.html,2021-02-03,daily,0.8
https://www.schools.com/programs/writing,2021-02-03,daily,0.8
https://www.schools.com/careers/addiction-counselor,2021-02-03,daily,0.8
https://www.schools.com/community-colleges/top-community-colleges-in-new-mexico,2021-02-03,daily,0.8
https://www.schools.com/careers/event-planner,2021-02-03,daily,0.8
https://www.schools.com/articles/going-back-at-30,2021-02-03,daily,0.8
https://www.schools.com/community-colleges/top-community-colleges-in-rhode-island,2021-02-03,daily,0.8
https://www.schools.com/articles/three-ways-strong-applicant-competitive-schools.html,2021-02-03,daily,0.8
https://www.schools.com/articles/norcal-vs-socal-education,2021-02-03,daily,0.8
https://www.schools.com/articles/five-tips-for-balancing-internships-and-school.html,2021-02-03,daily,0.8
https://www.schools.com/online-colleges/saskatchewan,2021-02-03,daily,0.8
https://www.schools.com/articles/five-things-you-should-do-during-a-campus-visit.html,2021-02-03,daily,0.8
https://www.schools.com/careers/juvenile-corrections-officer,2021-02-03,daily,0.8
https://www.schools.com/programs/environmental-science,2021-02-03,daily,0.8
https://www.schools.com/articles/community-colleges-receive-grants-for-job-training.html,2021-02-03,daily,0.8
https://www.schools.com/articles/baby-boomers-and-online-education,2021-02-03,daily,0.8
https://www.schools.com/articles/how-to-land-your-dream-summer-internship.html,2021-02-03,daily,0.8
https://www.schools.com/articles/6-expert-tips-for-a-productive-summer-before-college,2021-02-03,daily,0.8
https://www.schools.com/careers/wedding-planner,2021-02-03,daily,0.8
https://www.schools.com/careers/clinical-psychologist,2021-02-03,daily,0.8
https://www.schools.com/articles/7-jobs-and-majors-for-a-sports-career,2021-02-03,daily,0.8
https://www.schools.com/articles/5-facts-about-college-students-in-their-30s,2021-02-03,daily,0.8
https://www.schools.com/community-colleges/top-community-colleges-in-hawaii,2021-02-03,daily,0.8
https://www.schools.com/articles/cool-jobs-reference-librarian.html,2021-02-03,daily,0.8
https://www.schools.com/articles/college-recommendation-letters-tips.html,2021-02-03,daily,0.8
https://www.schools.com/articles/how-to-market-an-online-degree,2021-02-03,daily,0.8
https://www.schools.com/research/best-states-to-repay-student-loans,2021-02-03,daily,0.8
https://www.schools.com/articles/inside-the-10000-dollar-degree,2021-02-03,daily,0.8
https://www.schools.com/careers/instructional-coordinator,2021-02-03,daily,0.8
https://www.schools.com/community-colleges/top-community-colleges-in-south-carolina,2021-02-03,daily,0.8
https://www.schools.com/articles/going-back-to-college,2021-02-03,daily,0.8
https://www.schools.com/articles/5-perks-of-summer-school-in-college,2021-02-03,daily,0.8
https://www.schools.com/articles/5-smart-money-moves-for-career-changers.html,2021-02-03,daily,0.8
https://www.schools.com/articles/college-credits-into-degrees,2021-02-03,daily,0.8
https://www.schools.com/articles/countdown-to-the-sat.html,2021-02-03,daily,0.8
https://www.schools.com/online-colleges/northwest-territories,2021-02-03,daily,0.8
https://www.schools.com/articles/career-toolbox-technical-writing.html,2021-02-03,daily,0.8
https://www.schools.com/articles/three-misconceptions-about-getting-into-college.html,2021-02-03,daily,0.8
https://www.schools.com/programs/mathematics-statistics,2021-02-03,daily,0.8
https://www.schools.com/careers/network-administrator,2021-02-03,daily,0.8
https://www.schools.com/articles/importance-applying-reach-schools.html,2021-02-03,daily,0.8
https://www.schools.com/community-colleges/top-community-colleges-in-minnesota,2021-02-03,daily,0.8
https://www.schools.com/careers/web-developer,2021-02-03,daily,0.8
https://www.schools.com/programs/exercise-sports-science,2021-02-03,daily,0.8
https://www.schools.com/careers/hacker,2021-02-03,daily,0.8
https://www.schools.com/careers/esl-teacher,2021-02-03,daily,0.8
https://www.schools.com/community-colleges/top-community-colleges-in-north-carolina,2021-02-03,daily,0.8
https://www.schools.com/community-colleges/top-community-colleges-in-montana,2021-02-03,daily,0.8
https://www.schools.com/articles/going-to-college-as-an-adult,2021-02-03,daily,0.8
https://www.schools.com/articles/legal-assistant-resume,2021-02-03,daily,0.8
https://www.schools.com/articles/will-my-credits-transfer-out-of-state,2021-02-03,daily,0.8
https://www.schools.com/careers/counselor,2021-02-03,daily,0.8
https://www.schools.com/financial-aid/student-loans-101,2021-02-03,daily,0.8
https://www.schools.com/community-colleges/top-community-colleges-in-nevada,2021-02-03,daily,0.8
https://www.schools.com/articles/facebook-profile-employers.html,2021-02-03,daily,0.8
https://www.schools.com/careers/computer-security-specialist,2021-02-03,daily,0.8
https://www.schools.com/articles/how-much-does-your-major-matter,2021-02-03,daily,0.8
https://www.schools.com/community-colleges/top-community-colleges-in-mississippi,2021-02-03,daily,0.8
https://www.schools.com/community-colleges/top-community-colleges-in-colorado,2021-02-03,daily,0.8
https://www.schools.com/community-colleges/top-community-colleges-in-washington,2021-02-03,daily,0.8
https://www.schools.com/articles/privacy-sat-act.html,2021-02-03,daily,0.8
https://www.schools.com/careers/ux-designer,2021-02-03,daily,0.8
https://www.schools.com/careers/education-administrator,2021-02-03,daily,0.8
https://www.schools.com/programs/anthropology,2021-02-03,daily,0.8
https://www.schools.com/careers/cardiovascular-technologist,2021-02-03,daily,0.8
https://www.schools.com/articles/5-low-stress-careers-for-2013.html,2021-02-03,daily,0.8
https://www.schools.com/community-colleges/top-community-colleges-in-michigan,2021-02-03,daily,0.8
https://www.schools.com/programs/ems-paramedic,2021-02-03,daily,0.8
https://www.schools.com/financial-aid/is-income-based-repayment-helping,2021-02-03,daily,0.8
https://www.schools.com/articles/tips-for-maintaining-your-online-reputation.html,2021-02-03,daily,0.8
https://www.schools.com/articles/science-professors-careers-kids.html,2021-02-03,daily,0.8
https://www.schools.com/careers/forensic-science-technician,2021-02-03,daily,0.8
https://www.schools.com/community-colleges/top-community-colleges-in-utah,2021-02-03,daily,0.8
https://www.schools.com/careers/elementary-school-teacher,2021-02-03,daily,0.8
https://www.schools.com/articles/could-the-way-you-talk-ruin-your-job-chances.html,2021-02-03,daily,0.8
https://www.schools.com/careers/bookkeeper,2021-02-03,daily,0.8
https://www.schools.com/articles/how-to-beat-the-competition-5-steps-to-land-a-job-out-of-college.html,2021-02-03,daily,0.8
https://www.schools.com/articles/how-to-advance-your-career,2021-02-03,daily,0.8
https://www.schools.com/careers/account-manager,2021-02-03,daily,0.8
https://www.schools.com/articles/10-salary-boosting-grad-degrees,2021-02-03,daily,0.8
https://www.schools.com/articles/careers-with-a-two-year-degree,2021-02-03,daily,0.8
https://www.schools.com/articles/five-tips-for-summer-internships,2021-02-03,daily,0.8
https://www.schools.com/careers/veterinarian,2021-02-03,daily,0.8
https://www.schools.com/articles/california-community-college-to-law-school,2021-02-03,daily,0.8
https://www.schools.com/articles/5-ways-to-win-at-your-college-job-fair,2021-02-03,daily,0.8
https://www.schools.com/degrees/associate,2021-02-03,daily,0.8
https://www.schools.com/articles/how-much-do-college-students-study.html,2021-02-03,daily,0.8
https://www.schools.com/articles/5-ways-to-turn-an-internship-into-a-job-offer.html,2021-02-03,daily,0.8
https://www.schools.com/careers/biomedical-engineer,2021-02-03,daily,0.8
https://www.schools.com/articles/careers-for-women,2021-02-03,daily,0.8
https://www.schools.com/articles/psychology-degree-jobs,2021-02-03,daily,0.8
https://www.schools.com/articles/what-women-want-in-the-workplace.html,2021-02-03,daily,0.8
https://www.schools.com/articles/religious-studies-degree,2021-02-03,daily,0.8
https://www.schools.com/articles/5-steps-to-take-if-feeling-underpaid,2021-02-03,daily,0.8
https://www.schools.com/articles/five-self-discipline-tips-online-students.html,2021-02-03,daily,0.8
https://www.schools.com/articles/three-ways-build-your-resume-college.html,2021-02-03,daily,0.8
https://www.schools.com/articles/10-must-see-campuses-for-fall-fanatics,2021-02-03,daily,0.8
https://www.schools.com/careers/software-developer,2021-02-03,daily,0.8
https://www.schools.com/online-colleges/yukon,2021-02-03,daily,0.8
https://www.schools.com/programs/liberal-arts,2021-02-03,daily,0.8
https://www.schools.com/articles/five-tips-writing-brilliant-college-admissions-essay.html,2021-02-03,daily,0.8
https://www.schools.com/programs/project-management,2021-02-03,daily,0.8
https://www.schools.com/articles/how-to-choose-online-school.html,2021-02-03,daily,0.8
https://www.schools.com/programs/dental-hygienist,2021-02-03,daily,0.8
https://www.schools.com/articles/ways-to-earn-college-credit,2021-02-03,daily,0.8
https://www.schools.com/articles/how-to-get-a-job-after-college,2021-02-03,daily,0.8
https://www.schools.com/online-colleges/alberta,2021-02-03,daily,0.8
https://www.schools.com/degrees/bachelor,2021-02-03,daily,0.8
https://www.schools.com/careers/emt,2021-02-03,daily,0.8
https://www.schools.com/community-colleges/top-community-colleges-in-maryland,2021-02-03,daily,0.8
https://www.schools.com/careers/arson-investigator,2021-02-03,daily,0.8
https://www.schools.com/programs/philosophy,2021-02-03,daily,0.8
https://www.schools.com/articles/6-ways-to-maximize-your-summer,2021-02-03,daily,0.8
https://www.schools.com/articles/how-to-boost-your-career-during-your-mba,2021-02-03,daily,0.8
https://www.schools.com/articles/25-strange-and-unique-college-courses.html,2021-02-03,daily,0.8
https://www.schools.com/financial-aid/bang-for-buck-guide-highest-roi-colleges.html,2021-02-03,daily,0.8
https://www.schools.com/articles/best-criminal-justice-careers,2021-02-03,daily,0.8
https://www.schools.com/careers/criminologist,2021-02-03,daily,0.8
https://www.schools.com/online-colleges/quebec,2021-02-03,daily,0.8
https://www.schools.com/careers/game-designer,2021-02-03,daily,0.8
https://www.schools.com/articles/unique-community-college-degrees,2021-02-03,daily,0.8
https://www.schools.com/articles/citizen-science.html,2021-02-03,daily,0.8
https://www.schools.com/community-colleges/top-community-colleges-in-nebraska,2021-02-03,daily,0.8
https://www.schools.com/articles/should-you-take-act-sat.html,2021-02-03,daily,0.8
https://www.schools.com/articles/15-expert-tips-for-fall-semester,2021-02-03,daily,0.8
https://www.schools.com/articles/10-highest-paying-fields-for-college-professors,2021-02-03,daily,0.8
https://www.schools.com/articles/cybersecurity-shortfall.html,2021-02-03,daily,0.8
https://www.schools.com/articles/reasons-to-consider-stem-majors.html,2021-02-03,daily,0.8
https://www.schools.com/articles/advice-for-nontraditional-students-from-nontraditional-students,2021-02-03,daily,0.8
https://www.schools.com/careers/electrical-engineer,2021-02-03,daily,0.8
https://www.schools.com/espanol/clases-de-panaderia-y-pasteleria.html,2021-02-03,daily,0.8
https://www.schools.com/articles/how-business-training-helps-entrepreneurs.html,2021-02-03,daily,0.8
https://www.schools.com/careers/fashion-designer,2021-02-03,daily,0.8
https://www.schools.com/online-colleges/newfoundland,2021-02-03,daily,0.8
https://www.schools.com/community-colleges/top-community-colleges-in-new-jersey,2021-02-03,daily,0.8
https://www.schools.com/espanol,2021-02-03,daily,0.8
https://www.schools.com/community-colleges/top-community-colleges-in-connecticut,2021-02-03,daily,0.8
https://www.schools.com/articles/awesome-college-amenities,2021-02-03,daily,0.8
https://www.schools.com/careers/nursing-assistant,2021-02-03,daily,0.8
https://www.schools.com/articles/reading-between-the-college-rankings.html,2021-02-03,daily,0.8
https://www.schools.com/degrees/master,2021-02-03,daily,0.8
https://www.schools.com/articles/gen-y-revolutionizing-the-workplace.html,2021-02-03,daily,0.8
https://www.schools.com/community-colleges/top-community-colleges-in-illinois,2021-02-03,daily,0.8
https://www.schools.com/careers/crime-scene-investigator,2021-02-03,daily,0.8
https://www.schools.com/careers/police-officer,2021-02-03,daily,0.8
https://www.schools.com/articles/imagine-america--2011-ldrship-awards.html,2021-02-03,daily,0.8
https://www.schools.com/articles/how-to-avoid-student-loan-default,2021-02-03,daily,0.8
https://www.schools.com/community-colleges/top-community-colleges-in-indiana,2021-02-03,daily,0.8
https://www.schools.com/programs/international-relations,2021-02-03,daily,0.8
https://www.schools.com/careers/environmental-science-technician,2021-02-03,daily,0.8
https://www.schools.com/articles/tweeting-your-way-to-a-job.html,2021-02-03,daily,0.8
https://www.schools.com/degrees/certificate,2021-02-03,daily,0.8
https://www.schools.com/articles/three-ways-to-get-your-employer-to-pay-for-college.html,2021-02-03,daily,0.8
https://www.schools.com/articles/legal-apprenticeship-programs,2021-02-03,daily,0.8
https://www.schools.com/articles/is-it-wise-to-work-while-in-college.html,2021-02-03,daily,0.8
https://www.schools.com/community-colleges/top-community-colleges-in-alaska,2021-02-03,daily,0.8
https://www.schools.com/programs/communication-media,2021-02-03,daily,0.8
https://www.schools.com/online-colleges/british-columbia,2021-02-03,daily,0.8
https://www.schools.com/articles/what-employers-want,2021-02-03,daily,0.8
https://www.schools.com/community-colleges/top-community-colleges-in-massachusetts,2021-02-03,daily,0.8
https://www.schools.com/careers/environmental-engineer,2021-02-03,daily,0.8
https://www.schools.com/careers/medical-assistant,2021-02-03,daily,0.8
https://www.schools.com/careers/sonographer,2021-02-03,daily,0.8
https://www.schools.com/research/changing-careers-2016,2021-02-03,daily,0.8
https://www.schools.com/community-colleges/top-community-colleges-in-maine,2021-02-03,daily,0.8
https://www.schools.com/articles/5-tips-for-returning-to-school-as-an-adult-student.html,2021-02-03,daily,0.8
https://www.schools.com/articles/doe-announces-second-round-of-grants-for-innovation-in-education.html,2021-02-03,daily,0.8
https://www.schools.com/articles/five-new-degree-programs,2021-02-03,daily,0.8
https://www.schools.com/articles/how-to-get-into-college-as-a-b-student,2021-02-03,daily,0.8
https://www.schools.com/careers/dental-hygienist,2021-02-03,daily,0.8
https://www.schools.com/programs/occupational-therapy,2021-02-03,daily,0.8
https://www.schools.com/careers/contract-administrator,2021-02-03,daily,0.8
https://www.schools.com/articles/how-to-succeed-in-college,2021-02-03,daily,0.8
https://www.schools.com/careers/anthropologist-archaeologist,2021-02-03,daily,0.8
https://www.schools.com/programs/biotechnology,2021-02-03,daily,0.8
https://www.schools.com/programs/chemistry,2021-02-03,daily,0.8
https://www.schools.com/community-colleges/top-community-colleges-in-delaware,2021-02-03,daily,0.8
https://www.schools.com/articles/top-employers-entry-level-grads.html,2021-02-03,daily,0.8
https://www.schools.com/careers/forensic-psychologist,2021-02-03,daily,0.8
https://www.schools.com/financial-aid/how-to-compare-student-loans.html,2021-02-03,daily,0.8
https://www.schools.com/community-colleges/top-community-colleges-in-oregon,2021-02-03,daily,0.8
https://www.schools.com/articles/how-to-find-quality-internship.html,2021-02-03,daily,0.8
https://www.schools.com/community-colleges/top-community-colleges-in-oklahoma,2021-02-03,daily,0.8
https://www.schools.com/community-colleges/top-community-colleges-in-arizona,2021-02-03,daily,0.8
https://www.schools.com/programs/religious-studies,2021-02-03,daily,0.8
https://www.schools.com/articles/how-to-survive-your-college-admissions-interview.html,2021-02-03,daily,0.8
https://www.schools.com/online-colleges/new-brunswick,2021-02-03,daily,0.8
https://www.schools.com/articles/are-virtual-internships-the-way-to-go.html,2021-02-03,daily,0.8
https://www.schools.com/articles/useful-mobile-apps-online-college-students.html,2021-02-03,daily,0.8
https://www.schools.com/careers/sports-psychologist,2021-02-03,daily,0.8
https://www.schools.com/careers/medical-coder,2021-02-03,daily,0.8
https://www.schools.com/careers/psychiatrist,2021-02-03,daily,0.8
https://www.schools.com/careers/middle-school-teacher,2021-02-03,daily,0.8
https://www.schools.com/articles/college-for-nontraditional-students,2021-02-03,daily,0.8
https://www.schools.com/articles/how-to-go-back-to-college-at-40,2021-02-03,daily,0.8
https://www.schools.com/articles/how-to-choose-a-hybrid-degree-program.html,2021-02-03,daily,0.8
https://www.schools.com/online-colleges/ontario,2021-02-03,daily,0.8
https://www.schools.com/community-colleges/top-community-colleges-in-idaho,2021-02-03,daily,0.8
https://www.schools.com/articles/community-colleges-that-offer-bachelors-degrees,2021-02-03,daily,0.8
https://www.schools.com/articles/10-incredibly-beautiful-college-campuses,2021-02-03,daily,0.8
https://www.schools.com/articles/how-to-change-careers,2021-02-03,daily,0.8
https://www.schools.com/articles/what-drives-college-admissions-decisions.html,2021-02-03,daily,0.8
https://www.schools.com/community-colleges/top-community-colleges-in-north-dakota,2021-02-03,daily,0.8
https://www.schools.com/articles/research-resources-for-online-students,2021-02-03,daily,0.8
https://www.schools.com/articles/government-summer-internships,2021-02-03,daily,0.8
https://www.schools.com/online-colleges/manitoba,2021-02-03,daily,0.8
https://www.schools.com/careers/college-professor,2021-02-03,daily,0.8
https://www.schools.com/community-colleges/top-community-colleges-in-vermont,2021-02-03,daily,0.8
https://www.schools.com/careers/firefighter,2021-02-03,daily,0.8
https://www.schools.com/articles/goodbye-mystery-meat-5-top-food-schools.html,2021-02-03,daily,0.8
https://www.schools.com/online-colleges/prince-edward-island,2021-02-03,daily,0.8
https://www.schools.com/programs/history,2021-02-03,daily,0.8
https://www.schools.com/articles/10-colleges-for-free-spirits,2021-02-03,daily,0.8
https://www.schools.com/articles/college-for-moms,2021-02-03,daily,0.8
https://www.schools.com/articles/bachelors-degree-not-required-health-care-jobs-with-associate-degree-or-less.html,2021-02-03,daily,0.8
https://www.schools.com/degrees/doctorate,2021-02-03,daily,0.8
https://www.schools.com/community-colleges/top-community-colleges-in-ohio,2021-02-03,daily,0.8
https://www.schools.com/community-colleges/top-community-colleges-in-alabama,2021-02-03,daily,0.8
https://www.schools.com/articles/job-retraining.html,2021-02-03,daily,0.8
https://www.schools.com/careers/food-service-manager,2021-02-03,daily,0.8
https://www.schools.com/community-colleges/top-community-colleges-in-new-hampshire,2021-02-03,daily,0.8
https://www.schools.com/online-colleges/nova-scotia,2021-02-03,daily,0.8
https://www.schools.com/articles/5-initiatives-that-can-help-grads-get-jobs-after-college,2021-02-03,daily,0.8
https://www.schools.com/careers/registered-nurse,2021-02-03,daily,0.8
https://www.schools.com/articles/create-your-own-community-online-study-group.html,2021-02-03,daily,0.8
https://www.schools.com/articles/get-a-job-after-college,2021-02-03,daily,0.8
https://www.schools.com/careers/physical-therapist,2021-02-03,daily,0.8
https://www.schools.com/articles/how-to-market-a-liberal-arts-degree,2021-02-03,daily,0.8
https://www.schools.com/articles/two-year-degrees-that-pay-off,2021-02-03,daily,0.8
https://www.schools.com/articles/college-prep-education,2021-02-03,daily,0.8
https://www.schools.com/careers/paralegal,2021-02-03,daily,0.8
https://www.schools.com/careers/probation-officer,2021-02-03,daily,0.8
https://www.schools.com/careers/social-media-marketing-specialist,2021-02-03,daily,0.8
https://www.schools.com/programs/operations-management,2021-02-03,daily,0.8
https://www.schools.com/articles/east-coast-vs-west-coast,2021-02-03,daily,0.8
https://www.schools.com/articles/10-high-altitude-schools,2021-02-03,daily,0.8
https://www.schools.com/articles/steps-to-go-back-to-college,2021-02-03,daily,0.8
https://www.schools.com/careers/computer-engineer,2021-02-03,daily,0.8
https://www.schools.com/articles/should-you-refinance-your-student-loans,2021-02-03,daily,0.8
https://www.schools.com/careers/criminal-justice-professor,2021-02-03,daily,0.8
https://www.schools.com/community-colleges/top-community-colleges-in-california,2021-02-03,daily,0.8
https://www.schools.com/community-colleges/top-community-colleges-in-georgia,2021-02-03,daily,0.8
https://www.schools.com/articles/choosing-a-criminal-justice-program,2021-02-03,daily,0.8
https://www.schools.com/community-colleges/top-community-colleges-in-wisconsin,2021-02-03,daily,0.8
https://www.schools.com/community-colleges/top-community-colleges-in-west-virginia,2021-02-03,daily,0.8
https://www.schools.com/community-colleges/top-community-colleges-in-kansas,2021-02-03,daily,0.8
https://www.schools.com/programs/physical-therapy,2021-02-03,daily,0.8
https://www.schools.com/programs/biology,2021-02-03,daily,0.8
https://www.schools.com/programs/entrepreneurship,2021-02-03,daily,0.8
https://www.schools.com/programs/nutrition,2021-02-03,daily,0.8
https://www.schools.com/careers/nurse-practitioner,2021-02-03,daily,0.8
https://www.schools.com/community-colleges/top-community-colleges-in-texas,2021-02-03,daily,0.8
https://www.schools.com/community-colleges/top-community-colleges-in-florida,2021-02-03,daily,0.8
https://www.schools.com/community-colleges/top-community-colleges-in-virginia,2021-02-03,daily,0.8
https://www.schools.com/financial-aid/paying-off-student-loans,2021-02-03,daily,0.8
https://www.schools.com/articles/competency-based-degree,2021-02-03,daily,0.8
https://www.schools.com/research/best-colleges,2021-02-03,daily,0.8
https://www.schools.com/community-colleges/top-community-colleges-in-iowa,2021-02-03,daily,0.8
https://www.schools.com/careers/substance-abuse-counselor,2021-02-03,daily,0.8
https://www.schools.com/careers/lpn-lvn,2021-02-03,daily,0.8
https://www.schools.com/articles/new-degree-digital-curation.html,2021-02-03,daily,0.8
https://www.schools.com/careers/film-producer,2021-02-03,daily,0.8
https://www.schools.com/articles/are-finances-a-factor-in-college-admissions.html,2021-02-03,daily,0.8
https://www.schools.com/community-colleges/top-community-colleges-in-new-york,2021-02-03,daily,0.8
https://www.schools.com/community-colleges/top-community-colleges-in-kentucky,2021-02-03,daily,0.8
https://www.schools.com/careers/civil-engineer,2021-02-03,daily,0.8
https://www.schools.com/articles/benefits-of-a-masters-of-education-degree,2021-02-03,daily,0.8
https://www.schools.com/articles/5-reasons-class-size-matters,2021-02-03,daily,0.8
https://www.schools.com/articles/5-steps-to-choosing-the-perfect-college-major,2021-02-03,daily,0.8
https://www.schools.com/community-colleges/top-community-colleges-in-pennsylvania,2021-02-03,daily,0.8
https://www.schools.com/online-colleges/nunavut,2021-02-03,daily,0.8
https://www.schools.com/articles/5-underappreciated-higher-education-professionals-to-be-thankful-for,2021-02-03,daily,0.8
https://www.schools.com/articles/10-sports-colleges-for-fans-and-fanatics,2021-02-03,daily,0.8
https://www.schools.com/programs/social-science,2021-02-03,daily,0.8
https://www.schools.com/community-colleges/top-community-colleges-in-missouri,2021-02-03,daily,0.8
https://www.schools.com/careers/early-childhood-education-specialist,2021-02-03,daily,0.8
https://www.schools.com/articles/accelerated-bachelors-degree,2021-02-03,daily,0.8
https://www.schools.com/articles/4-strategies-to-rebound-from-college-rejection,2021-02-03,daily,0.8
https://www.schools.com/programs/english,2021-02-03,daily,0.8
https://www.schools.com/programs/physical-health-education,2021-02-03,daily,0.8
https://www.schools.com/programs/economics,2021-02-03,daily,0.8
https://www.schools.com/careers/career-guidance-counselor,2021-02-03,daily,0.8
https://www.schools.com/articles/8-jobs-to-help-save-the-earth,2021-02-03,daily,0.8
https://www.schools.com/articles/how-to-transfer-colleges,2021-02-03,daily,0.8
https://www.schools.com/articles/five-paths-to-a-career-focused-post-secondary-education.html,2021-02-03,daily,0.8
https://www.schools.com/articles/online-mba-networking-tips,2021-02-03,daily,0.8
https://www.schools.com/careers/business-administration-professor,2021-02-03,daily,0.8
https://www.schools.com/careers/occupational-therapy-aide,2021-02-03,daily,0.7
https://www.schools.com/careers/market-research-analyst,2021-02-03,daily,0.7
https://www.schools.com/careers/legal-assistant,2021-02-03,daily,0.7
https://www.schools.com/careers/entrepreneur,2021-02-03,daily,0.7
https://www.schools.com/careers/geographer,2021-02-03,daily,0.7
https://www.schools.com/careers/statistician,2021-02-03,daily,0.7
https://www.schools.com/articles/survey-majority-of-internships-done-by-college-class-of-2011-were-paid.html,2021-02-03,daily,0.7
https://www.schools.com/careers/sales-manager,2021-02-03,daily,0.7
https://www.schools.com/careers/business,2021-02-03,daily,0.7
https://www.schools.com/careers/high-school-teacher,2021-02-03,daily,0.7
https://www.schools.com/careers/school-counselor,2021-02-03,daily,0.7
https://www.schools.com/careers/sociologist,2021-02-03,daily,0.7
https://www.schools.com/careers/public-relations-specialist,2021-02-03,daily,0.7
https://www.schools.com/articles/the-5-cheapest-colleges-in-the-country.html,2021-02-03,daily,0.7
https://www.schools.com/careers/mechanical-engineer,2021-02-03,daily,0.7
https://www.schools.com/careers/welder,2021-02-03,daily,0.7
https://www.schools.com/careers/veterinary-assistant,2021-02-03,daily,0.7
https://www.schools.com/careers/medical-transcriptionist,2021-02-03,daily,0.7
https://www.schools.com/careers/phlebotomist,2021-02-03,daily,0.7
https://www.schools.com/careers/petroleum-engineer,2021-02-03,daily,0.7
https://www.schools.com/careers/medical-records-technician,2021-02-03,daily,0.7
https://www.schools.com/careers/systems-engineer,2021-02-03,daily,0.7
https://www.schools.com/careers/nutritionist,2021-02-03,daily,0.7
https://www.schools.com/careers/museum-curator,2021-02-03,daily,0.6
https://www.schools.com/careers/jewelry-designer,2021-02-03,daily,0.6
https://www.schools.com/careers/marketing,2021-02-03,daily,0.6
https://www.schools.com/careers/industrial-organizational-psychologist,2021-02-03,daily,0.6
https://www.schools.com/careers/surgical-technologist,2021-02-03,daily,0.6
https://www.schools.com/careers/interior-designer,2021-02-03,daily,0.5
https://www.schools.com/careers/landscape-architect,2021-02-03,daily,0.5
